ID,location,Location Type,Latitude (normalized)
1,Withywood School,1,"(0.45076298550013316, 0.09093303826767851)"
2,Colston Avenue,B1,"(0.5158727171676434, 0.2938159127984079)"
3,Blackboy Hill,B10,"(0.479712873484198, 0.3573055285403086)"
4,Three Lamps,B11,"(0.5547692739533074, 0.2489726016785312)"
5,Bedminster Parade,B12,"(0.5190709212978044, 0.2429141946354605)"
6,Church Road,B13,"(0.5955341839475654, 0.3102920364172519)"
7,St. Andrew's Rd,B14,"(0.3046966834146838, 0.49558147749590375)"
8,Higham Street,B15,"(0.5527276293940879, 0.25101726499215715)"
9,B.R.I.,B16,"(0.5188118544246709, 0.3128650517105598)"
10,Bath Road,B17,"(0.5946593644470513, 0.23296471427036636)"
11,Whitefriars,B18,"(0.5213950464985011, 0.30677350406133996)"
12,Galleries,B19,"(0.531393032219353, 0.30177233167268014)"
13,Ferndown Close,B2,"(0.3894064986064123, 0.46693403661441835)"
14,Red Lion Knowle,B20,"(0.5846331611483659, 0.18808863196323955)"
15,Horsefair,B21,"(0.5359308627893125, 0.3124976153938519)"
16,Third Way,B3,"(0.32218416686992946, 0.5132529966910226)"
17,Anglesea Place,B4,"(0.47442767973544697, 0.35459830289042316)"
18,Hillcrest,B5,"(0.5790492241363854, 0.18027812662916176)"
19,Conham Vale,B6,"(0.6461065279040294, 0.2604651853675648)"
20,Newfoundland Way,B7,"(0.5441658634741735, 0.3182333613702042)"
21,Gloucester Road,B8,"(0.5276388516490433, 0.38337824544331056)"
22,Stokes Croft,B9,"(0.5302287029947745, 0.3280662824121521)"
23,Old Market,BOM,"(0.5439141431054102, 0.3001478466700007)"
24,Easton Primary School,E1,"(0.5659790415408796, 0.3181824057331255)"
25,Filwood Bus Depot,F1,"(0.5359134065872864, 0.14550859214310208)"
26,59 Creswicke Rd,F2,"(0.5447435962705924, 0.15662806322498568)"
27,111 Creswicke Rd,F3,"(0.5359048508635427, 0.1564983305994474)"
28,RO 243 Creswicke Rd,F4,"(0.5254401992568862, 0.14539999838322615)"
29,Fishponds - Gloucester St,O1,"(0.6043684985168198, 0.3740171508002561)"
30,Old Market,OM,"(0.5445812630424003, 0.3000377794360247)"
31,Lawrence Weston,SB1,"(0.4046328057513877, 0.47918966127593876)"
32,Holesmouth,SB2,"(0.31612093757517457, 0.5952501197757556)"
33,Chitening Wharf,SB3,"(0.3581269441871182, 0.6775135319297476)"
34,Hallen,SB4,"(0.3950831286323844, 0.5574875526068297)"
35,Severn Beach,SB5,"(0.3639101402842364, 0.7135902704002604)"
36,Lower Over Farm,SB6,"(0.5187468776958948, 0.6675728214751757)"
37,Northwick Oaze,SB7,"(0.44403591852574564, 0.9140789910429135)"
38,Littleton Wharf,SB8,"(0.5154786821607926, 1.0)"
39,Earthcott Green,SB9,"(0.7249851887016758, 0.7164742080199176)"
40,Prince St Bridge (centre side),SO1,"(0.5160838634232174, 0.27000646644424364)"
41,Prince St Bridge (Bedminster side),SO2,"(0.5162573827668986, 0.26650092756341337)"
42,Hotwells - Pump House,SO3,"(0.4702767691853609, 0.2670614403139666)"
43,Victoria St - A,T1,"(0.5296047051315869, 0.28741210617212687)"
45,Portwall Lane - A,T11,"(0.5366175616184226, 0.2702593747675053)"
46,Portwall Lane - B,T12,"(0.5366415633915738, 0.2712728615816218)"
47,Portwall Lane - C,T13,"(0.5337071903229331, 0.2706969146346694)"
48,Portwall Lane - D,T14,"(0.5337910241640067, 0.2718279336857563)"
49,Redcliff St - A,T15,"(0.5307907378716861, 0.27210858826228446)"
50,Redcliffe St - B,T16,"(0.530720210665633, 0.27370565502877753)"
51,Redcliffe Hill - A,T17,"(0.5288270944422715, 0.2664374330489352)"
52,Redcliffe Hill - B,T18,"(0.5286462201723312, 0.26144730048918063)"
53,Guinea St,T19,"(0.5256443681604459, 0.2620006066603082)"
54,Victoria St - B,T2,"(0.5304200667387873, 0.28781029515391765)"
55,Commercial Rd - A,T20,"(0.5194587378031787, 0.2583116907881049)"
56,Commercial Rd - B,T21,"(0.5238216376437252, 0.2580455501873189)"
57,Clarence Rd - A,T22,"(0.5306225664747624, 0.25534943220353057)"
58,Clarence Rd - B,T23,"(0.5330215424789477, 0.2543221053449827)"
60,Clarence Rd - C,T25,"(0.5380409320857691, 0.2556210767569098)"
61,Clarence Rd - D,T26,"(0.541803807985664, 0.2593231023347471)"
62,Clarence Rd - E,T27,"(0.5453283931454944, 0.2623990266285148)"
63,Temple Gate - A,T28,"(0.5436365020949907, 0.26662947305197804)"
64,Temple Gate - B,T29,"(0.5442681764855095, 0.2673374341614476)"
65,Victoria St - C,T3,"(0.5353106782219976, 0.2807291255803648)"
66,Bath Bridge,T30,"(0.5475230709923098, 0.260122241348256)"
67,York Rd - A,T31,"(0.5445400070821815, 0.25763650219334977)"
68,York Rd - B,T32,"(0.5372161704460536, 0.25187136993633885)"
69,York Rd - C,T33,"(0.5320381826869971, 0.2517398425639499)"
70,Temple Way - A,T34,"(0.541207372041141, 0.2823098809367366)"
71,Temple Way - B,T35,"(0.5429342688972509, 0.28224970207872957)"
72,Victoria St - D,T4,"(0.5364315654035101, 0.2807017432588168)"
73,Pipe Lane,T5,"(0.5429836387550457, 0.27426103116033573)"
75,Redcliffe Way - B,T7,"(0.5389784295867734, 0.27051757116623776)"
76,Redcliffe Way - C,T8,"(0.5383155141998364, 0.269965142172083)"
77,Redcliffe Way - D,T9,"(0.5371401568156573, 0.26901771047022294)"
78,St Nicholas Rd,W1,"(0.5486347205367483, 0.33538774423072937)"
79,Cotham Lawn Rd,W10,"(0.5066930107856678, 0.33666623921658356)"
80,The Limes Nursery School,W11,"(0.6037756972635879, 0.33582038826384064)"
81,Eastville Park,W12,"(0.6070837776360651, 0.3863580841768339)"
82,Novers Lane School,W13,"(0.5125316998124072, 0.15212390204678172)"
83,St Mathias,W14,"(0.6597492267881355, 0.41970996467424015)"
84,Farmwell Close,W15,"(0.49266005409575264, 0.1028862045393737)"
85,Blaise Castle,W16,"(0.44028733825947075, 0.5156387850434783)"
86,Petherton Rd,W17,"(0.5826226588160868, 0.15494337669125002)"
87,Henleaze Infants School,W18,"(0.49814409494133916, 0.4221156484021549)"
88,Summerleaze Office,W19,"(0.685446015397698, 0.3821831738059984)"
89,Avon County School,W2,"(0.33461883638458545, 0.47560232809053105)"
90,Southmead Hospital,W20,"(0.5235507541539492, 0.479123504196707)"
91,Stile AcresBroadlands Drive,W21,"(0.3917223740047282, 0.5000852423977733)"
92,The Square,W22,"(0.5691046272829636, 0.19253271980991826)"
93,Hannah Moore School,W23,"(0.5555462694029316, 0.2902899551203575)"
94,Brangwyn Grove,W24,"(0.581707046973178, 0.4384848482323207)"
95,Redland Court,W25,"(0.4999634863906195, 0.3748255454478908)"
96,Dundridge Playing Fields,W26,"(0.6602797621380798, 0.27684824157705634)"
97,Airballoon Infants School,W27,"(0.6570882732457637, 0.31111288139533144)"
98,Trowbridge Rd,W28,"(0.507146187068158, 0.49831968619568556)"
99,Greville Smyth Park,W29,"(0.4699129673970761, 0.23938811810569405)"
100,Ashton Vale School,W3,"(0.4500939366268275, 0.2004343014163794)"
101,Stockwood Green School,W30,"(0.6255448658796467, 0.0974491091975267)"
102,Bishops Close,W31,"(0.447394663473033, 0.3868430191747052)"
103,Elmlea Jnr School,W32,"(0.4628624622159272, 0.42645090750124837)"
104,Teyfant Primary School,W33,"(0.5322193547069816, 0.08276525751574582)"
105,Victoria Park,W34,"(0.5304780676571337, 0.22993953036311154)"
106,Brunel College,W4,"(0.5502531796222376, 0.39226225472620513)"
107,Kingshead Lane Park,W5,"(0.46271642217633513, 0.1411046780869185)"
108,Broomhill Jnr School,W6,"(0.6380173144774917, 0.22897865635951575)"
109,St Annes Jnr School,W7,"(0.613923959263583, 0.2633548681860134)"
110,Council House,W8,"(0.5035344033952738, 0.2810977128746117)"
111,Clifton College,W9,"(0.46515160140225387, 0.32764584259695084)"
112,Victoria Street a,RT112,"(0.5286750562627098, 0.2907540263632029)"
113,Victoria Street,RT113,"(0.5350317810272811, 0.28173950961070204)"
114,Redcliffe Street south,RT114,"(0.5305215604004108, 0.27156020346623677)"
115,Redcliffe Hill a,RT115,"(0.5288270944422715, 0.2664374330489352)"
116,Redcliff Hill b,RT116,"(0.5286554598614552, 0.25996650916474096)"
117,Commercial Rd b,RT117,"(0.5238216376437252, 0.2580455501873189)"
118,Clarence Road a,RT118,"(0.5317142444239282, 0.25512693704848743)"
119,Clarence Road e,RT119,"(0.5457204197927998, 0.2626758427390996)"
120,Templegate a,RT120,"(0.5436365020949907, 0.26662947305197804)"
121,Templegate b,RT121,"(0.5442681764855095, 0.2673374341614476)"
122,Bath Bridge south,RT122,"(0.5475230709923098, 0.260122241348256)"
123,corner York rd  and  Whitehouse St,RT123,"(0.533857853582342, 0.2513300212282843)"
124,Corner York Rd  and  Spring St,RT124,"(0.5372161704460536, 0.25187136993633885)"
125,York Road,RT125,"(0.5338878948014827, 0.2513693030534512)"
126,Temple Way a,RT126,"(0.5408114560686972, 0.2826565512317245)"
127,Temple Way b,RT127,"(0.5422371634070489, 0.2823204776347552)"
128,Redcliffe Way east,RT128,"(0.5367423312749136, 0.2696761031016024)"
129,Redcliffe Way west,RT129,"(0.5315643957714666, 0.2694666093815101)"
130,Temple Gate,RT130,"(0.540438671470989, 0.26948041269147893)"
131,between Redcliffe Way and Temple Quay rndbt,RT131,"(0.5395447015956005, 0.27200429776004853)"
132,Temple Quay rndbt west,RT132,"(0.5408594717945583, 0.27490167819868816)"
133,Temple Quay rndbt east,RT133,"(0.5427740375057164, 0.27386916888798396)"
134,Temple Way near Avon Street east,RT134,"(0.5435594286633272, 0.2889203139685321)"
135,Temple Way near Avon street west,RT135,"(0.5420728549942542, 0.28929475126960824)"
136,St Thomas Street,RT136,"(0.5331995311292399, 0.279265308053283)"
137,Redcliffe Street north,RT137,"(0.5287370313284994, 0.28085580490881057)"
138,The  Grove,RT138,"(0.5194372857564042, 0.27136664897409446)"
139,Prince Street,RT139,"(0.5158389621162938, 0.27522596417048817)"
140,Bath Bridge north,RT140,"(0.5470801361393569, 0.2631963984705976)"
141,Bedminster Parade near bridge,RT141,"(0.5258256932131307, 0.252376728725892)"
142,Coronation Road,RT142,"(0.5248419906815265, 0.2547047157204645)"
143,Bedminster Bridge east,RT143,"(0.5290509607993545, 0.2548264853638784)"
144,Bedminster Bridge west,RT144,"(0.5273753694515353, 0.25640685484452774)"
145,Coronation Road near entry to Asda,RT145,"(0.5183368464488431, 0.2537013895625364)"
146,roundabout end of Wapping Rd  commercial road,RT146,"(0.5163487755482601, 0.25679818473477667)"
147,Anchor Road,HS147,"(0.5124988836655016, 0.2813093925965404)"
148,Anchor Road opp Cathedral School,HS148,"(0.5071300498100433, 0.27774523363828507)"
149,Anchor Road a,HS149,"(0.5025658442415244, 0.27625490679923814)"
150,Anchor Road b,HS150,"(0.5008081656391754, 0.27639212494651133)"
151,Anchor Road c,HS151,"(0.49932232187317993, 0.27664912649643725)"
152,Anchor Road near Hotwells rndbt east,HS152,"(0.49556716020248803, 0.27653116251678966)"
153,Anchor Road near Hotwells rndbt west,HS153,"(0.4909061447689913, 0.27597469372327055)"
154,Hotwells Road,HS154,"(0.48489834830706524, 0.2729094366873994)"
155,Jacobs Wells Road South,HS155,"(0.49201853333620793, 0.2819493213255555)"
156,Jacobs Wells road opp Clifton hill,HS156,"(0.48803422305592825, 0.2937930863476481)"
157,Stokes Croft  Ashley Road,GR157,"(0.530481836089348, 0.3360191794877494)"
158,botttom of Arley Hill,GR158,"(0.5294722402197873, 0.34240008682129996)"
159,Cromwell Road,GR159,"(0.5234467730148049, 0.3561331346518841)"
160,Zetland Road junction,GR160,"(0.5224348131236489, 0.3628255108346252)"
161,Bishop Road,GR161,"(0.5310801740676405, 0.4000538699687013)"
162,Dongola Avenue,GR162,"(0.5348035130893862, 0.41049715973682055)"
163,Strathmore Road,GR163,"(0.5394531597808259, 0.4329136503359905)"
164,Horfield Common,GR164,"(0.5399121416135362, 0.4468696418327909)"
165,Sports Centre,GR165,"(0.5452983651576728, 0.4631754197516784)"
166,Monks Park Avenue,GR166,"(0.5487589000312845, 0.4772010965413074)"
167,junction Birchwood Road,BT167,"(0.6323804826534793, 0.23500469791369483)"
168,shops,BT168,"(0.6399567715457763, 0.23406316448949838)"
169,Eastwood Crescent,BT169,"(0.645927697552775, 0.2278060905032362)"
170,opp Whitmore Avenue,BT170,"(0.6490467619450442, 0.22241842346610952)"
171,Raymill,BT171,"(0.6511756210771367, 0.2100066934717688)"
172,Ironmould Lane,BR172,"(0.6634382686024578, 0.17220165406598653)"
173,Bath Road park  and  ride,BR173,"(0.6398832331871125, 0.18324428324871178)"
174,West Town Lane junction,BR174,"(0.6238088200491507, 0.19341887905466137)"
175,top of Brislington Hill,BR175,"(0.6230252196753465, 0.19800998612092258)"
176,Kenneth Road,BR176,"(0.6161440373097982, 0.20460793757860074)"
177,Water Lane,BR177,"(0.6092091504375716, 0.20481373017886995)"
178,opp Kensington Park Road,BR178,"(0.6032689904809532, 0.21601866315373286)"
179,opp Kings Road,BR179,"(0.5961908055595337, 0.23005693662631188)"
180,Arnos Court,BR180,"(0.5919084639316488, 0.23722444336323179)"
181,Totterdown Bridge,BR181,"(0.5669632938906064, 0.24578352979628448)"
182,Higham Street (National),B15,"(0.5525738224911949, 0.25140540573795533)"
183,Ferndown Close (National),B2,"(0.3894676740088885, 0.466856803323509)"
184,Hillcrest (National),B5,"(0.5783900798520571, 0.17914142751132545)"
185,Newfoundland Way (National),B7,"(0.5449789725405996, 0.3190211390912623)"
186,No. 6 Borewell WW,6 Borewell,"(0.35383501168254927, 0.5356501768236512)"
187,Almondsbury School,ALSCHOOL,"(0.562001897781804, 0.7209018815546813)"
188,AURN Bristol Centre,AUN1,"(0.5393686524023016, 0.3052843372561256)"
189,Hannah Moore School,AUN2,"(0.5555462694029316, 0.2902899551203575)"
190,Albright and Wilson,AW1,"(0.3256185768770399, 0.5867137205587198)"
191,Tesco forecourt,BTX1,"(0.584946634791244, 0.378542489761287)"
192,Stapleton2,BTX10,"(0.5920773494184948, 0.38718605978027654)"
193,Eastgate,BTX2,"(0.5830293480617135, 0.3798875129692476)"
194,Tesco spot,BTX3,"(0.5888944491828862, 0.3822445785617674)"
197,Sainsbury Ashton3,BTX6,"(0.47144581552755227, 0.203826487841809)"
198,Redland Road,BTX7,"(0.5109069413790994, 0.36005455943282527)"
199,Arnos Court,BTX8,"(0.5925299305196363, 0.2447519482165319)"
200,Stapleton1,BTX9,"(0.5934798235530163, 0.39086297849092944)"
201,Castle Cement,CC,"(0.25640716683981335, 0.44638457209828175)"
202,Blaise Castle House,CONTINBLAISE,"(0.4407456005129964, 0.5151372633667961)"
203,Brislington Depot,BCC,"(0.5934465638820114, 0.2382917768470918)"
204,Little Stoke Parish Hall,CONTRACTRR,"(0.6059016300662323, 0.6021644246297626)"
205,Terra UK site,CONTRACTSEABANK,"(0.36703308785687483, 0.6755919346194332)"
206,Rupert Street,CONTINRUPERTSTREET,"(0.517030106145107, 0.29760834405269065)"
207,Dundry Hill,DUNDRYMETMAST,"(0.42130747487408904, 0.043720446821993164)"
208,Hallen Village,HV,"(0.4064767958632185, 0.5679451771803201)"
209,IKEA M32,IKEA,"(0.5889769749077232, 0.3836483177122716)"
210,Rhone Poulenc,ISC1,"(0.31073671974664485, 0.5480308047095264)"
211,Rhone Poulenc,ISC2,"(0.311141409313743, 0.5507246669864685)"
212,Rhone Poulenc,ISC3,"(0.3146412433383121, 0.5491305653075642)"
213,Old Market,OM,"(0.5439141431054102, 0.3001478466700007)"
214,Port Health Office,P,"(0.2918931410821095, 0.4925401092290258)"
215,Parson Street School,BCC,"(0.49872739736974747, 0.19897636804765284)"
216,Poplar Farm,PF,"(0.3699851057157266, 0.5464013507829577)"
217,Port Health Office,PHA,"(0.29181007620647215, 0.49148689860516015)"
218,Royal Portbury Docks quayside,RPD1,"(0.26727669245451313, 0.4640580613807117)"
219,Royal Portbury Docks cc,RPD2,"(0.2710282063969389, 0.4611044698230842)"
220,Royal Portbury Docks road,RPD3,"(0.26733401288310166, 0.4565375755794321)"
221,Blaise Castle House,SSBLAISE,"(0.4408394489794558, 0.5147096343163469)"
222,Bristol North Baths,SSBN,"(0.5268314296369159, 0.3816551456521893)"
223,St. Matthias College,St. Matts,"(0.6598017539526255, 0.4211523624776987)"
224,St Matthias College,STMAT,"(0.6597492267881355, 0.41970996467424015)"
225,The Vicarage Avonmouth,V1,"(0.3019618232685728, 0.4963662891386207)"
226,Wessex Water Avonmouth,WESSEX,"(0.3547713795784375, 0.5404155851936139)"
227,Wessex Water Avonmouth,WWA,"(0.3545894134816381, 0.5404134294998642)"
228,Temple Meads Station,CONTINTEMPLEGATE,"(0.5418335138995047, 0.2692219775757394)"
229,South Liberty Lane Travellers Site,SLL,"(0.44230069937921, 0.20685536683151895)"
230,Parson Street School,N1,"(0.5004465800026008, 0.20000790539890545)"
231,West Town Road,P&R1,"(0.32001662148475507, 0.45340819733849)"
232,A4 Portway N of P and R,P&R2,"(0.3214807478214867, 0.45630967904025965)"
233,A4 Portway S of P and R,P&R3,"(0.32598858985727386, 0.445180035017529)"
234,A37 N of Airport Rd. Junction,A37_1,"(0.585339052259986, 0.18147054029140008)"
235,A37 S of Airport Rd.Junction,A37_2,"(0.5856421924642667, 0.1713410781714515)"
236,A4174 East of Airport Rd Junction,A4174_1,"(0.58089758579262, 0.174996409906214)"
237,A4174 West of Airport Rd. Junction,A4174_2,"(0.5885833505945426, 0.18064516172216827)"
238,Parson Street School,PS1,"(0.49762680581554974, 0.19592496184947095)"
239,Parson St. A38 East,PS2,"(0.49384188687777364, 0.19596245917182387)"
240,Parson St. A38 West,PS3,"(0.485342612583195, 0.19462416262012994)"
241,Parson St. Bedminster Road,PS4,"(0.5000757393165358, 0.20117306000673807)"
242,Parson Street Bedminster Down Road,PS5,"(0.4826665948832476, 0.19175048777245252)"
243,Parson Street Chip Shop,PS6,"(0.494331394298575, 0.19986470742108509)"
244,Kingsweston Lane Central,KL1,"(0.3576011418384164, 0.5052593848843401)"
245,Kingsweston Lane 100m N,KL2,"(0.35624156337002866, 0.5087895530905371)"
246,Kingsweston Lane 200m N,KL3,"(0.3554766608049835, 0.5139634760148795)"
247,Kingsweston Lane 100m S,KL4,"(0.3595339905351569, 0.5021256666907163)"
248,Kingsweston Lane 200m S,KL5,"(0.3617691500295992, 0.4991123891509801)"
249,Lawrence Weston Road Central,LW1,"(0.38142616987657085, 0.5282970669831855)"
250,Lawrence Weston Road 100m N,LW2,"(0.37852868596877265, 0.5306015295059581)"
251,Lawrence Weston Road 200m N,LW3,"(0.37577451090046043, 0.5340766884580432)"
252,Lawrence Weston Road 100m S,LW4,"(0.3849669761508885, 0.5250647193324198)"
253,Lawrence Weston Road 200m S,LW5,"(0.38765418578292454, 0.5224459045400636)"
254,Merchants Road Hotwells,H1,"(0.47028355888399975, 0.27064684257678095)"
255,Joy Hill Hotwells,H2,"(0.46477472289359767, 0.27467881525578264)"
256,Church Hotwells,H3,"(0.47043208089488253, 0.275714680161002)"
257,Almshouses Hotwells,H4,"(0.4617819360600848, 0.27378875927871604)"
258,Stapleton Road North,M321,"(0.5917079479823029, 0.3932227560870274)"
259,Stapleton Road Middle,M322,"(0.5914843504571508, 0.39006400644964856)"
260,Stapleton Road South,M323,"(0.591415538625661, 0.38636119932260726)"
261,Stapleton Road Heath Street,M324,"(0.5903657198453418, 0.3743870538565375)"
262,Stapleton Road Argyll Street,M325,"(0.5871970319679694, 0.36710742944845265)"
263,Gatton Road,M326,"(0.567474587239313, 0.3513231353157664)"
264,Baptist Mills School,M327,"(0.5692766800775519, 0.3489640540342691)"
265,Elton Street Wellington Road,M328,"(0.5509490249771716, 0.3187314627664364)"
266,Cabot Primary School,M329,"(0.5522759504029269, 0.32957913546360373)"
267,Pritchard Street,M3210,"(0.5400255369316849, 0.316592947981178)"
268,Pilning Fire Station,CONTINPILNING,"(0.42843743269418777, 0.7370924106960786)"
269,South Liberty Lane RWS,LP46,"(0.45186906623276446, 0.18381395714914106)"
270,Wells Road,BCC,"(0.5854803091945096, 0.17812043116146015)"
271,Trailer Portway P&R,TEMP_TRAILER_1,"(0.32230422033023665, 0.44739568272407837)"
272,Old Beaufort Club 1,BW1,"(0.5170351078126103, 0.28724185964443905)"
273,Old Beaufort Club 2,BW2,"(0.517005805224727, 0.2870856642672379)"
274,Old Beaufort Club 3,BW3,"(0.5170062983025865, 0.2870077255398087)"
275,B and W 3rd floor,BW4,"(0.5167775509794392, 0.2848618667948699)"
276,B and W Top Floor,BW5,"(0.5161456900582833, 0.2841927081538529)"
277,B and W Broad Quay,BW6,"(0.5159920281407766, 0.284541841625753)"
278,B and W Broad Quay2,BW7,"(0.5159888203315788, 0.28504844338681323)"
279,Marsh St Derelict,BW8,"(0.5168331962247921, 0.2856418900784945)"
280,Marsh St Derelict Garage,BW9,"(0.5168893350674066, 0.2863439745806602)"
281,Rupert St Green Box,BW10,"(0.5170599035396695, 0.2976866006551404)"
282,Project House GF,BW11,"(0.5175463201684485, 0.2878318036169105)"
283,Project House 1F,BW12,"(0.517546566591716, 0.28779283425390645)"
284,Project House 2F,BW13,"(0.5175470594378364, 0.28771489552767093)"
285,Project House 3F,BW14,"(0.5175473058606901, 0.2876759261644395)"
286,William Street,YG1,"(0.5288083081469912, 0.25003056231636833)"
287,Whitehouse Street,YG2,"(0.5312004381844755, 0.2500943807516194)"
288,Avonmouth Primary School,AVPB,"(0.33461883638458545, 0.47560232809053105)"
289,Bear Pit Railing,BP1,"(0.528461161804656, 0.31522615273067345)"
290,Bear Pit Toilet Block,BP2,"(0.5292832419582902, 0.3145721754029296)"
291,Traffic Light Avon House,BP3,"(0.5296323438846908, 0.31687514678193907)"
292,Shop Parade,BP4,"(0.5279904160383957, 0.31299985610721137)"
293,Bond St. Lamp post,BP5,"(0.5311912373552445, 0.3146699313876127)"
294,Castle Court forecourt sainsburys,BTX11,"(0.5934774961119311, 0.24838558259997967)"
295,Lamppost   16 Ashley Road St. Pauls,PS4_1,"(0.5544837397947147, 0.3450343921983574)"
297,Facade   383 Church Road Redfield,PS4_3,"(0.6275668161235295, 0.3189021815875037)"
298,Facade St. Georges Library   Church Road St. George,PS4_4,"(0.6262325195019773, 0.3191232973475451)"
299,Facade Ye Olde Flower Shop 218 Church Road St. George,PS4_5,"(0.6149856031290142, 0.31515750789750996)"
300,Facade Haart Estate Agents 755 Fishponds Road Fishponds,PS4_6,"(0.6587286026294636, 0.40715198202266834)"
301,Lamppost   717 Fishponds Road Fishponds,PS4_7,"(0.6559003719109082, 0.40346245809706716)"
302,Facade Cafe Culture 597 Fishponds Road Fishponds,PS4_8,"(0.6409338294356557, 0.39186489024632465)"
303,Facade   784 Muller Road Fishponds,PS4_9,"(0.5983702358720668, 0.3787911017552119)"
304,Lamppost     Russell Town Avenue Redfield,PS4_10,"(0.5875765117978533, 0.30861596140931624)"
305,Lamppost     Sarah Street Redfield,PS4_11,"(0.5773674728801197, 0.30855376390454126)"
306,Lamppost     Cottrell Road \ Muller Road Horfield,PS4_12,"(0.5895529810810753, 0.38361501060012415)"
307,Lamppost     Glenfrome Road \ Muller Road Horfield,PS4_13,"(0.5795148998468722, 0.3847629635719443)"
308,Lamppost     Muller Road Horfield,PS4_14,"(0.5605137137182279, 0.4044078798533519)"
309,Lamppost     Muller Road \ Downend Road Horfield,PS4_15,"(0.5519563620699923, 0.4257152412827736)"
310,Lamppost     Muller Road \ Filton Avenue Horfield,PS4_16,"(0.5466831976406095, 0.4402362202809229)"
311,Give Way sign  Chesterfield Rd \ Ashley Down Road St. Andrews,PS4_17,"(0.5471544060024351, 0.3738758284376047)"
312,Lamppost     Ashley Hill St. Pauls,PS4_18,"(0.5519573216758182, 0.35673888421951006)"
313,Lamppost     Hendre Road \ Winterstoke Road Ashton,PS4_19,"(0.4713173282395351, 0.20963141369608707)"
314,Lamppost     Whiteladies Road \ Cotham Hill Clifton,PS4_20,"(0.489042329202098, 0.3345296411202412)"
315,Lamppost     M5 Lawrence Weston Road 25m from carriageway Avonmouth,PS4_21,"(0.3806346689437552, 0.5287165291947531)"
316,Lamppost     M5 Lawrence Weston Road 50m from carriageway Avonmouth,PS4_22,"(0.37969043320197216, 0.5292900871843358)"
317,Monitor     A37 Wells Road Knowle,QAQC_1,"(0.5854803091945096, 0.17812043116146015)"
318,Monitor     Rupert Street City Centre,QAQC_1,"(0.5170296130318581, 0.29768628274788966)"
319,Monitor     Temple Way Temple Meads,QAQC_1,"(0.5420154710653939, 0.26918487873692243)"
320,Monitor     Bath Road Brislington,QAQC_1,"(0.5935068955680682, 0.23833134044448911)"
321,Monitor     Trailer Portway Park and Ride,QAQC_1,"(0.32230422033023665, 0.44739568272407837)"
322,Monitor     Castlemead City Centre,QAQC_1,"(0.5393381188214086, 0.30532299435046184)"
324,Facade   742 Muller Road Fishponds,PS4_23,"(0.5943872991116139, 0.38097348478234494)"
325,Facade   258 Fishponds Road Fishponds,PS4_23,"(0.607446273537473, 0.37626828699976045)"
326,Lamp post Roundabout poplar way,EFW_A1,"(0.34914259959177407, 0.5723429833347495)"
327,Lamp post bridge poplar way east,EFW_A2,"(0.3567703718191444, 0.5704459938501998)"
328,Lamp post industrial units entrance,EFW_A3,"(0.3563963203923395, 0.5803009747772023)"
329,Lamp post bridge poplar way west,EFW_A4,"(0.3433287513413994, 0.5834580738309114)"
332,Days Road Kingsland Road,EFW_B1,"(0.5619321491916818, 0.28622374732793787)"
333,Days Road Chancery Street,EFW_B2,"(0.5754386903671298, 0.2968040675783641)"
334,Days Road Peters Terrace,EFW_B3,"(0.5752640388223256, 0.30066050744548534)"
335,Days Road Sarah Street,EFW_B4,"(0.5762660692367518, 0.3053081475794954)"
336,Days Road Oxford Street,EFW_B5,"(0.5597393644937796, 0.28320071189514806)"
337,Hartcliffe Hilltop Farm,EFW_C1,"(0.5056100228125899, 0.16452186765030774)"
338,Hartcliffe Novers Hill,EFW_C2,"(0.5094951113459532, 0.16768061657336375)"
339,Hartcliffe Crantock Avenue,EFW_C3,"(0.4955114675694876, 0.16250474077381227)"
340,Hartcliffe Novers Park Drive 1,EFW_C4,"(0.5114279344016621, 0.1731567875959854)"
341,Hartcliffe Novers Park Drive 2,EFW_C5,"(0.514809146464815, 0.17467316430420965)"
342,Hengrove Whitchurch Lane,EFW_D2,"(0.5175674758939719, 0.1124256983892451)"
343,Hengrove Hawkfield Road,EFW_D3,"(0.5200126832168337, 0.10863209954510467)"
344,Hengrove Rowacres,EFW_D5,"(0.5567362083847334, 0.12128616964747607)"
345,Hengrove Inns Court Drive,EFW_D6,"(0.5261667755156223, 0.13106611877512364)"
346,Hartcliffe A4174,EFW_C6,"(0.5002053694185378, 0.16695863143877432)"
348,Hengrove Hengrove Leisure Park,EFW_D8,"(0.5434909066972757, 0.12446416030496721)"
349,Hengrove Penrose,EFW_D7,"(0.5527425148942111, 0.13586000981348434)"
350,153 Muller Road FaÃÂ§ade,153M,"(0.5528273473318244, 0.4220998952851289)"
351,M4 J18 Climbing Lane Near Springs Farm,HA1,"(1.0, 0.4951431266845532)"
352,M4 j19 - 20 widening North East Green Acres Farm,HA2,"(0.6601261160397325, 0.6063050359943531)"
353,M4 j19 - 20 widening SW1 Palmers Leaze,HA3,"(0.654528380781481, 0.6089808709903082)"
354,M4 j19 - 20 widening SW1 Ormond Close,HA4,"(0.6240013978809102, 0.6723699956583289)"
355,M5 J16 - 17 N Chillington Court,HA5,"(0.5384125184853303, 0.6628667755095137)"
356,M5 J16 - 17 S Falcon Close,HA6,"(0.5275100676093283, 0.6400340464781777)"
357,M5 J17 - 18 Hallen Hill - Hollywood Lane S of M5,HA7,"(0.4805401371549909, 0.6070358302514194)"
358,M5 J19 - 20 Naish Hill - Station Road S of M5,HA8,"(0.24522647211067738, 0.38681300073128)"
359,M5 J19 - 20 Tickenham Hill Housing Adjacent to J20,HA9,"(0.0, 0.1888155921965904)"
360,M5 J19 - 20 Tickenham Hill N of J20,HA10,"(0.02746619648369819, 0.22947602507233)"
361,M5 J19 - 20 Tickenham Hill EXTRA GRADIENT,HA11,"(0.062219745153347716, 0.2553081066479308)"
362,M5 J17 - 18 Hallen Hill EXTRA GRADIENT,HA12,"(0.42345762148785937, 0.5689172378133378)"
363,5102 faÃÂ§ade,BM1,"(0.5292653960845755, 0.3174169411990988)"
364,St. Matthias House faÃÂ§ade,BM2,"(0.5430526820032195, 0.3071928991732591)"
365,Unite faÃÂ§ade,BM3,"(0.542830348635027, 0.3039559529346718)"
366,Broad Weir post development,BM4,"(0.5385880791772042, 0.3041461046828715)"
367,River Street facade 1,BM5,"(0.5471192838206163, 0.31093693035640513)"
368,River Street facade 2,BM6,"(0.5490705404865164, 0.31384080580545515)"
369,Wellington Road post development,BM7,"(0.5478246793391186, 0.31445161291762247)"
370,Great George Street lamppost,BM8,"(0.5504950321511801, 0.31373844334447654)"
371,Lamb Street faÃÂ§ade,BM9,"(0.5516796707667702, 0.30829448754005284)"
372,Avon Street Temple Way junction post development,BM10,"(0.5432945348110225, 0.2876704930846756)"
373,123 Newfoundland Street faÃÂ§ade,BM11,"(0.5495841620222786, 0.3239007726793659)"
374,St. Paul Street,BM12,"(0.5424172843898667, 0.3168513898392007)"
375,Newfoundland Road Police Station,BM13,"(0.5465160147065742, 0.32032296046654096)"
376,Hallen,LHUK,"(0.3854502158891222, 0.5556226245465155)"
377,A4174 UWE,UWE1,"(0.6268945666736094, 0.5135536446510685)"
378,Easton Business Park,NRA1,"(0.5756696158407149, 0.3289188702279091)"
379,Dundry,NRA2,"(0.42130747487408904, 0.043720446821993164)"
380,Orange Street FaÃÂ§ade,BM14,"(0.5441865069001475, 0.319792447460685)"
381,No. 6 Borewell,BZL WW,"(0.3518999703119601, 0.534808858622938)"
382,Wessex Water,BZL WW2,"(0.3525003476145727, 0.5356733185668077)"
383,No. 6 Borewell,BZL WW3,"(0.35237903995422215, 0.5356718792196205)"
384,Anstee and Ware,BZL A&W,"(0.3042651623523511, 0.5209844762524654)"
385,Atwood Drive,BZL AD,"(0.3946650531127318, 0.5217084806799903)"
386,Sevalco Roadside,SEVALCO,"(0.3569513132714013, 0.6297609086676346)"
387,Start of Cutting Northbound carriageway Hallen Large Lamppost,HA_NEW_1,"(0.41717628119322736, 0.5647933638420852)"
388,Property Boundary Oakhill Lane M5 South carriageway rear garden,HA_NEW_2,"(0.4138208330657873, 0.5586760173109155)"
389,Station Road facing Mway closest property to carriageway,HA_NEW_3,"(0.24577973842772938, 0.3858068288574259)"
390,Station road two doors down from HA-NEW-3,HA_NEW_4,"(0.24652021605658714, 0.3841015688384175)"
391,Junction of priory road with station road Lamppost,HA_NEW_5,"(0.2468079308781599, 0.38609273539358924)"
392,Cole Acre North of M5 over footbridge Lamppost,HA_NEW_6,"(0.24164637826935564, 0.3912488599161179)"
393,Substation Post Nearest M5 Station Road,HA_NEW_7,"(0.24582952566416694, 0.3872104002507797)"
394,Sevalco North (on site),SEVALCO NORTH,"(0.3683821506734466, 0.6394823152642459)"
395,Shiner's Garage,Shiners,"(0.5876417369763214, 0.3078371776040285)"
396,Avonmouth Rd No 28 on facia,pda27,"(0.33175435743921167, 0.47342455209849277)"
397,facade avonmouth road underpass - house to SE,pda28,"(0.33130984824740306, 0.4720162906930909)"
398,Avonmouth Rd No 31 on facia,pda29,"(0.328958125858664, 0.4743651158100022)"
399,facade house on portway M5 underpass,pda30,"(0.3223520872235106, 0.46150321076530076)"
400,facade west town lane M5 underpass,pda31,"(0.32232265656113324, 0.45725514876207285)"
401,facade ashton road - house closest UP,pda32,"(0.45892044155397116, 0.23474743988649038)"
402,Bath Rd No 23 lamppost 48 (opp Book Barn),pda15,"(0.5726781509703383, 0.24225562367425368)"
403,Lamp post 48 230 Bath Road,pda18,"(0.5731316829088806, 0.24237708255637358)"
404,shiners garage triplicate QAQC tubes contin,pda12,"(0.5882781237440877, 0.30780448373451463)"
405,Whitehall Rd/Easton Rd lamppost 4TZ,pda13,"(0.5890959906021838, 0.32308923094086595)"
406,Whitehall Rd lamppost 17 nr juction with Chalks Rd,pda14,"(0.6049865906628806, 0.3256997813116129)"
407,lamppost sussex place,pda22,"(0.5519255094814683, 0.34715180472520046)"
408,Cotham Brow/Cheltenham Rd existing site junction,pda9,"(0.5227284297419947, 0.35472269425142144)"
409,facade cotham brow arches elysee guest house,pda10,"(0.5228289529337324, 0.35799727368612366)"
410,facade cotham girls school cheltenham rd,pda11,"(0.5272063251869898, 0.3509892264270036)"
411,facade 21 bath buildings,pda23,"(0.5307315712839218, 0.34451764446149014)"
412,facade cromwell road west,pda24,"(0.52592009760951, 0.357951567616567)"
413,Wells Rd bus lane sign just below junction with Knowle Rd,pda19,"(0.5590903601058246, 0.23568858549452898)"
414,facade junction brecknock road with a37,pda20,"(0.5647321875720284, 0.22923766393944334)"
415,facade junction hengrove road with a37,pda16,"(0.5749724586985874, 0.2134795681715218)"
416,Wells Rd - Knowle shopping centre lamppost 41 (outside Miss Millies),pda17,"(0.5825559203158432, 0.19617404302010755)"
417,St John's Lane No 26 lamppost 15 (just past roundabout),pda21,"(0.5467582997003291, 0.23186092538691128)"
418,Bedminster Down Rd lamppost between Ashton Motors & Plough PH,pda1,"(0.48947820521294094, 0.20121561868285198)"
419,Parson St lamppost outside Bristol Scuba,pda2,"(0.49234331855754565, 0.2029610330077105)"
420,North St/Dean Lane on roundabout sign,pda3,"(0.5056001650602173, 0.237238617240763)"
422,North St/Langton Park T junction,pda33,"(0.5023086955502407, 0.23576186736158888)"
423,facade BRI children's,pda4,"(0.515628696058287, 0.3084278245877954)"
424,facade BRI main building,pda5,"(0.5181441726409162, 0.3130529129187778)"
425,Ashley Rd P sign outside International Market (nr Dalrymple Rd),pda25,"(0.5364934459288406, 0.3388874062842149)"
426,City Rd/Ashley Rd lamppost No 16,pda26,"(0.542524810045875, 0.33859879758509237)"
427,Fishponds Rd lamppost 37 outside PO (just before Oakdene Ave),pda7,"(0.6173264683433812, 0.37609084866551257)"
428,Fishponds Rd/Elmgrove Rd lamppost 53 (outside video centre),pda8,"(0.6339028872729227, 0.3865763551024486)"
429,facade villiers road stapleton road junction,pda6,"(0.5718353564381147, 0.3367137425539397)"
430,Gaol Ferry Bridge,HS157,"(0.5103177997638264, 0.25743617048158285)"
431,Cannon's Road,HS158,"(0.5065942138153696, 0.27150420345381576)"
432,16 Lower Ashley Road,PS4_1_BTX,"(0.5542110559399083, 0.345031620158295)"
433,Bristol Scuba,pda2_BTX,"(0.4921871510895288, 0.20369979175018216)"
434,Whitehall Rd/Easton Rd lamppost 4TZ,pda13_BTX,"(0.5893679520450981, 0.32320882140044205)"
435,Old Market,OM_BTX,"(0.5445812630424003, 0.3000377794360247)"
436,Shiners Garage,QAQC2_1,"(0.588065608420254, 0.30788033052246533)"
437,Almondsbury School,QAQC2_2,"(0.562001897781804, 0.7209018815546813)"
438,A37 Junction w/ Airport Road,QAQC2_3,"(0.5854803091945096, 0.17812043116146015)"
439,Parson Street School,QAQC2_4,"(0.49872739736974747, 0.19897636804765284)"
440,Littlestoke Parish Hall,QAQC2_5,"(0.6059016300662323, 0.6021644246297626)"
441,Avon Probation Service,QAQC2_6,"(0.5465160147065742, 0.32032296046654096)"
442,Former Shell Tank Farm,A_MET,"(0.34700823682968807, 0.6452700822907502)"
443,CREATE Roof,C_Met,"(0.4618599218916932, 0.26198134789117944)"
444,13 Passage Road,pda_27,"(0.47284911120085216, 0.47067381312135126)"
445,CH Ramp North,CHR1,"(0.5060121834639837, 0.35782050801392984)"
446,Council House Ramp South,CHR2,"(0.5051612572797959, 0.28247897647233344)"
447,Bath Road,A4_Nox,"(0.5694107065914231, 0.2417162003976614)"
448,Economy Cars,AR1,"(0.5694107065914231, 0.2417162003976614)"
449,Eastgate Market,Eastgate1,"(0.5727485710625029, 0.376083160935508)"
450,Industrial Museum,IM1,"(0.5111598282648924, 0.2631737431874228)"
451,Hallen Village,LHM_Hallen,"(0.4064209879125986, 0.5672430791107956)"
452,AURN St Pauls,NAT,"(0.5417015722602043, 0.32966578394356816)"
453,Exclusively Yours LAR,BTX_ASH_1,"(0.5530578088678455, 0.34533166309657304)"
454,Teoh's LAR,BTX_ASH_2,"(0.5560616345056113, 0.3446607041609866)"
455,St. Pauls Day Nursery,AURN_QAQC,"(0.5416712766376941, 0.3296654725795918)"
456,Newfoundland Way Police Station,BroadmeadQA,"(0.54648620216238, 0.3202447115172333)"
457,Holesmouth New,SB10,"(0.3174133263312777, 0.584549027265723)"
458,62 Callington Road,RQ1,"(0.611612066301916, 0.19263897480087167)"
459,Cheltenham Road \ Station Road,,"(0.5244769809901486, 0.3561438817787632)"
460,Cheltenham Road \ Station Road,QA CR,"(0.5244769809901486, 0.3561438817787632)"
461,Millpond School Fence,Millpond_1,"(0.568642060884466, 0.34868488927261865)"
462,Millpond School play area,Millpond_2,"(0.56876892749038, 0.3477508584694249)"
463,Fishponds Road,BCC,"(0.6454887655800761, 0.3956099468501577)"
464,Fishponds Road,FR_QAQC,"(0.6455186273537254, 0.39568816844465005)"
465,North Street School fence,USA2009_1,"(0.4778248232062108, 0.24282550534047687)"
466,Savanna coffee drainpipe,USA2009_2,"(0.48102737688374564, 0.2393138304834963)"
467,Strada Exeter Road,USA2009_3,"(0.4841373347890059, 0.23603506117626694)"
468,faÃÂ§ade of North Street near Myrtle Street,USA2009_4,"(0.49237076840090843, 0.231836972827125)"
469,Lamppost corner park avenue,USA2009_5,"(0.5421065684353845, 0.2201615221176496)"
470,Victoria Park Primary,USA2009_6,"(0.5340805512883069, 0.21551943611882507)"
471,property faÃÂ§ade nr. Paultow Road,USA2009_7,"(0.5273585994189602, 0.21544973500334663)"
472,Jamiesons Autos,WS1,"(0.5041244387819352, 0.22638977848100694)"
473,B&G Snax West St,WS2,"(0.500500228591445, 0.22011633172533607)"
474,Martial Arts West Street,WS3,"(0.4970844548624207, 0.2144295156971907)"
475,18 Morton Street,USA09_r1,"(0.5841384396887124, 0.30600987365176024)"
476,Elmgrove Ave,USA09_r2,"(0.5849278645942819, 0.3310761746228934)"
477,rear 32 st marks grove,USA09_r3,"(0.5794517165604365, 0.34996195829458543)"
478,T shirt Shop W. Town Lane,Cal1,"(0.6213475033323057, 0.19495414022159707)"
479,cycle sign lamppost,Cal2,"(0.6160808282264973, 0.19470863554047924)"
480,Halston Drive,,"(0.5485067937924271, 0.33156720381234095)"
481,CREATE Centre Roof,O3_CREATE,"(0.4618599218916932, 0.26198134789117944)"
482,Avonmouth Road - Lampost (20) Opposite Number Hse No 45,,"(0.32739430261721303, 0.4767623768405542)"
483,Avonmouth Road - Lampost (19) Opposite Hse No 37,,"(0.3284321998277999, 0.47580065484510214)"
484,Avonmouth Road - School Sign Opposite Hse No 16,,"(0.3325825712916419, 0.47210954516916104)"
485,Avonmouth Road - Telegraph Pole Opposite Hse No 4,,"(0.33362383904819826, 0.47068018396700495)"
486,Barracks's Lane - Telegraph Pole No 6. End of Lane Left Hand Side,,"(0.33752278068413055, 0.4807032407767906)"
487,Junction 3 Millpond Street,487,"(0.5644793113669913, 0.34560323426498485)"
488,Junction 3 Easton Way,488,"(0.5633365151726162, 0.3441887334908813)"
489,Avonmouth Road Outside No 12,,"(0.3330098431563169, 0.4717249860647712)"
490,Avon School Barrack's Lane,,"(0.33448371195418236, 0.473340459316006)"
491,Avonmouth Road Outside No 76,,"(0.33570717643651893, 0.46770453397516576)"
492,On 1 way sign at bottom of Wellington Hill,492,"(0.539743451564707, 0.4349820476955131)"
493,No 67 Filton Avenue on wall facing Muller Rd,493,"(0.5467443045668494, 0.44015890507208155)"
494,Muller Road - Adjacent to Darnley Avenue,494,"(0.5431148848046075, 0.4437069823399611)"
495,On green fence surrounding Western Power substation (?) adjacent to No.1 Dorian Road,495,"(0.5367817175155718, 0.46273722184963617)"
496,385 Church Road Redfield,496,"(0.6268411087823971, 0.3186614478910883)"
497,20 Ashley Road,497,"(0.5349858704936308, 0.3377026671342094)"
498,Hungerford Road,498,"(0.6270505929826014, 0.17213255692107055)"
499,Temple Way Nox site,QAQC_TW,"(0.5428627368999059, 0.3085159895852314)"
500,Temple Way,NAT,"(0.5428627368999059, 0.3085159895852314)"
501,Colston Avenue,CONTIN_Colston_Avenue,"(0.5162167040315575, 0.2968983094111195)"
502,Co-located Colston Ave,QAQC_Colston_Ave,"(0.5162167040315575, 0.2968983094111195)"
503,Sea mills pharmacy no stopping sign,503,"(0.40437031064938544, 0.42490142970513034)"
504,Avonmouth primary,504,"(0.3199865529288166, 0.46985303823171876)"
505,Henbury school,505,"(0.44534212382789473, 0.5306983149712323)"
506,Woodstock school,506,"(0.4464806294694439, 0.5191757616654229)"
507,Blaise school,507,"(0.4572799754917787, 0.5233086004208758)"
508,Orchard school,508,"(0.5526442898891091, 0.4863207508153664)"
509,Filton avenue primary,509,"(0.557997235220669, 0.44904167710706133)"
510,Ashley down primary,510,"(0.5432017549794121, 0.41989719942574766)"
511,Sefton park,511,"(0.5483342187582032, 0.3791099096862922)"
512,Colston girls,512,"(0.5275804621383653, 0.34931738471007634)"
513,Cabot primary,513,"(0.5473387258346003, 0.3293728403710645)"
514,St. Barnabas,514,"(0.5482165721983305, 0.34914047597163744)"
515,St. Werburghs park nursery,515,"(0.5670772217441353, 0.3668293047537645)"
516,Fairfield high school,516,"(0.569330701284497, 0.38497308281330334)"
517,Glenfrome primary,517,"(0.5847451113737119, 0.39697320716874174)"
518,Fishponds c of e,518,"(0.6473687761896523, 0.40077170972529075)"
519,Briarwood school,519,"(0.6736197826786858, 0.394468019927416)"
520,St. Joseph's RC primary,520,"(0.663509559511132, 0.3760587814327607)"
521,Chester park infants,521,"(0.6554236759934859, 0.38050433451581966)"
522,May park primary,522,"(0.5982404406527495, 0.37002152674415356)"
523,Bannerman road,523,"(0.5803250653822882, 0.33570718067207395)"
524,City academy,524,"(0.5872884197266348, 0.31629045049012916)"
525,Summer hill a420,525,"(0.6316428269088146, 0.3213181215237739)"
526,Summer hill Plummers hill,526,"(0.6310528480577071, 0.3238066469083378)"
527,St patricks,527,"(0.6098301955894039, 0.3056768236219227)"
528,Redfield educate together,528,"(0.6047245451722318, 0.3084331951981767)"
529,Bristol futures academy,529,"(0.5917148518609929, 0.2953285368883769)"
530,Barton Hill Academy,530,"(0.5828467324470816, 0.2889665500461831)"
531,Easton c of e academy,531,"(0.5677207257741737, 0.32073309507367753)"
532,St. Nicholas of tolentine,532,"(0.5580663810140578, 0.31412728258570155)"
533,Hannah more front,533,"(0.5518199710482001, 0.29036890485366484)"
534,Hillcrest primary,534,"(0.5703071964931707, 0.2287481483440672)"
535,West town lane academy,535,"(0.6045100700800239, 0.18021632825858092)"
536,St Mary redcliffe secondary,536,"(0.5361967503876093, 0.25509540998882585)"
537,St Mary redcliffe primary,537,"(0.5318696474639273, 0.23989099362222532)"
538,Dalby avenue,538,"(0.5178544049099205, 0.2340943971139211)"
539,Dalby avenue church lane,539,"(0.5153926758270542, 0.2306783049872081)"
540,Compass point,540,"(0.4978188747625998, 0.22273761701495687)"
541,Holy cross primary,541,"(0.5103959346963505, 0.2450832841219892)"
542,Southville primary,542,"(0.4995216303941854, 0.24543567782640707)"
543,Southville primary Myrtle street,543,"(0.490898887315419, 0.23470486628485787)"
544,Ashton gate primary,544,"(0.4773367644993476, 0.24336581288741854)"
545,Ashton park school,545,"(0.4481602606180717, 0.23170591212559088)"
546,HotWells primary,546,"(0.46445358619215593, 0.2774422904148537)"
547,St George's primary,547,"(0.4963022628990439, 0.27996854469324717)"
548,St Michaels on the mount,548,"(0.511130703802066, 0.3011706738285227)"
549,Real sounds studios silver street,549,"(0.5246382563957397, 0.30649560300062717)"
550,Cathedral School,550,"(0.5076419481712744, 0.2782183123001971)"
551,Cod Almighty downpipe,551,"(0.5252999261019173, 0.4950805121764006)"
552,Bell Hill,36,"(0.593856379743662, 0.4039605457491291)"
553,Glenfrome Road lamppost by M32 Bridge,37,"(0.5917077810951357, 0.39832779872264723)"
554,Nelson Street,554,"(0.5213954577623277, 0.3019020196001918)"
555,420 Hotwell Road A4,555,"(0.45694635402333095, 0.27673657814980857)"
556,South Eastern stair access Plimsoll Bridge,556,"(0.4615025868173168, 0.2656407283763258)"
557,Talbot Road 20mph lamppost,557,"(0.5934393153486548, 0.20395857839301357)"
558,Coronation Road Walter Street No Entry,558,"(0.4757418296204987, 0.2511037427595397)"
559,Except local buses sign Blackmoors Lane,559,"(0.45133263957609504, 0.23735273598319395)"
560,Lamppost outside BRI CAZ,,"(0.5168879030686018, 0.31050655901697155)"
561,Lamppost opposite BRI CAZ,,"(0.517586606245418, 0.31020211486639937)"
562,Lamp post near Queens Head pub South Bristol link,,"(0.46658446412621934, 0.10556570055967995)"
563, Lamp post at junction with Highridge rd. near Cox brothers garage. South Bristol link.,,"(0.45583980829271553, 0.11020223843812005)"
564,Westbury on Trym High Street Lamp post by Athena restaurant,,"(0.47066353322479326, 0.4664413307613131)"
565,A4018 Lamp post by layby before roundabout for Crow Ln/ Knole Ln,,"(0.47187989757042104, 0.5306772950323762)"
566,AQ Mesh Temple Way,AQ Mesh Temple Way,"(0.5428627368999059, 0.3085159895852314)"
567,Muller road/ Glenfrome road junction north,,"(0.5789351279906079, 0.3854196946223567)"
568,Traffic light on the corner of Shaldon road,,"(0.5621641460125497, 0.40216433815933783)"
569,Lampost on North corner of Draycott road junction with Muller road.,,"(0.5522771400683704, 0.4179245646777474)"
570,Muller road junction with Downend road lampost north of the junction.,,"(0.5519739641285302, 0.4277808312951379)"
571,Muller road junction with Downend road traffic light to the south of the junction.,,"(0.5520109890035565, 0.4266900478888829)"
572,St. Werburghs,,"(0.5583929072507212, 0.37956290478490473)"
573,Bristol Airport,BIA_NOx_PM10,"(0.28999867444633143, 0.0)"
574,"Whiteladies road, on loading sign next to Redland library",574,"(0.4867885961284326, 0.3409747949204416)"
575,Baldwin Street traffic light outside domino's,575,"(0.5176312729816486, 0.2887680216476838)"
576,"Baldwin Street lamp post by cycle way, opp St Stephens St",576,"(0.5208739171699159, 0.288529193347955)"
577,High St lamp post outside Wards solicitors,577,"(0.5251790513930006, 0.29274416067792686)"
578,Church Road-CAZ-Outside Gurdwara,578,"(0.6146177568214233, 0.3158944075970851)"
579,Church Road-CAZ-Lamppost,579,"(0.6236683604058415, 0.3172282451017736)"
580,Marlborough St-CAZ-Lamppost opposite hosp,580,"(0.5195620312008034, 0.3140030975796435)"
581,Marlborough St-CAZ-Lamppost by coach station,581,"(0.5242158998711961, 0.31584445622937096)"
582,Rupert St-CAZ-Post outside fire station,582,"(0.5238206171286626, 0.3064480994232497)"
583,Rupert St-CAZ-Post outside police station,583,"(0.5231221842744178, 0.30671361049041934)"
584,Rupert St-CAZ-Post outside Fusion Tower,584,"(0.5201995930164918, 0.3041888496313163)"
585,Park St-CAZ-Lamppost by Guild,585,"(0.5026565352491996, 0.29519626186629466)"
586,Park St-CAZ-Lamppost by Agora,586,"(0.5027553960650488, 0.29395020738857625)"
587,Baldwin St-CAZ-Lamppost by Yelland House,587,"(0.5211714028680516, 0.28938968846051694)"
588,Baldwin St-CAZ-Drainpipe on building,588,"(0.5192698320373843, 0.2883175375485223)"
589,Marlborough St-CAZ-On sign leg,589,"(0.5224207085201673, 0.3170728143952317)"
590,Marlborough St-CAZ-Post by bollards,590,"(0.5206072693695436, 0.3163913291451763)"
591,Marlborough St-CAZ-Post,591,"(0.5210954152310237, 0.3158508287154689)"
592,Upper Maudlin St-CAZ-Crossing by BRI,592,"(0.5168044240416405, 0.3093365253154161)"
593,Upper Maudlin St-CAZ-Post by BRI,593,"(0.5152437867694584, 0.3070207907177007)"
594,Lower Park Row-CAZ-Post by Art shop,594,"(0.5131520420083477, 0.3024780445186934)"
595,Lower Park Row-CAZ-Post after OTR,595,"(0.5122524642386441, 0.30102660899635225)"
596,Park Row-CAZ-Lamppost by museum,596,"(0.5098785759538087, 0.2980007359199419)"
597,Park Row-CAZ-Post by house,597,"(0.5090294476852, 0.29814765816229283)"
598,Queens Road-CAZ-Lamppost by UoB,598,"(0.4986553825275335, 0.30029803634104724)"
599,Park St-CAZ-Lamppost by bike stands,599,"(0.5009117113266495, 0.298022687568988)"
600,Park St-CAZ-Lamppost by City Hall,600,"(0.5066420956594593, 0.28775587260571456)"
601,College Green-CAZ-Lamppost opp Denmark St,601,"(0.5139515893544795, 0.2862741273767142)"
602,Anchor Road-CAZ-Lamppost,602,"(0.5111446088203397, 0.27993109874472566)"
603,Lewins Mead-CAZ-Post by Evans Cycles,603,"(0.5200070226352631, 0.30590159778705583)"
604,Lewins Mead-CAZ-Post by PMT,604,"(0.5215162147133565, 0.3067747711963875)"
605,Rupert St-CAZ-Post by Courtrooms,605,"(0.51854562026067, 0.30226189966404604)"
606,Victoria Street-CAZ-No entry sign,606,"(0.5309471533540142, 0.2858671723406303)"
607,Counterslip-CAZ-Drainpipe on building,607,"(0.532728586300613, 0.2867820045456426)"
608,Temple Gate-CAZ-Lamppost,608,"(0.5443672046223931, 0.26601344485845857)"
609,Bath Road-CAZ-Lamppost or sign,609,"(0.5497694172352574, 0.2592878619919645)"
610,Wells Road-CAZ-Lamppost,610,"(0.5567793920954118, 0.23722392607095344)"
611,Winterstoke Road-CAZ-Lamppost,611,"(0.4800001099428446, 0.2060625904986182)"
612,Newfoundland St-CAZ-Lamppost by layby,612,"(0.5332475352113324, 0.3152758283025321)"
613,Newfoundland St-CAZ-Lamppost by crossing,613,"(0.5365805511501875, 0.31519339145893355)"
614,Temple Way-CAZ-Sign by Champ Square,614,"(0.542682671181379, 0.3082413364432739)"
615,Newfoundland Way-CAZ-Lamppost by petrol station,615,"(0.546938928547708, 0.3205221497933337)"
616,Newfoundland Way-CAZ-Road sign,616,"(0.5495978484834705, 0.32167952170706826)"
617,Houlton St-CAZ-30mph sign,617,"(0.5477811596584781, 0.31659461697361735)"
618,Cheltenham Rd-CAZ-Sign opp Tesco,618,"(0.5294583222931211, 0.33978882519195963)"
619,Cheltenham Rd-CAZ-Lamppost by Bite,619,"(0.5304674253290234, 0.33831837197234904)"
620,Lower Ashley Rd-CAZ-Lamppost by grass,620,"(0.5573663630235606, 0.3443621692109673)"
621,Gloucester Rd-CAZ-Lamppost by bus stop,621,"(0.5341672781593036, 0.41045161836234456)"
622,Bedminster Rd-CAZ-Lamppost opp school,622,"(0.4984801673810395, 0.1997531343816661)"
623,Bedminster Rd-CAZ-Lamppost by school,623,"(0.4992383150545123, 0.1995663650698134)"
624,Bedminster Rd-CAZ-Post opp Van Sales,624,"(0.49317759279642104, 0.19568255787729072)"
625,Bedminster Rd-CAZ-Lamppost by Van Sales,625,"(0.49268940927448757, 0.1962618817903774)"
626,Bedminster Rd-CAZ-Post,626,"(0.487403345758433, 0.1943345822208471)"
627,Parson St-CAZ-Lamppost by Station,627,"(0.492259546092197, 0.20186897257377723)"
628,Lower Ashley Rd-CAZ-Lamppost by Geo Jones,628,"(0.5540547807695004, 0.3458094645206131)"
629,Lower Ashley Rd-CAZ-Lamppost opp London Rd,629,"(0.5551770140682066, 0.34562601178316754)"
630,Bedminster Down Rd-CAZ-Lamppost by billboard,630,"(0.48336064138733903, 0.19210870867087237)"
631,Bedminster Down Rd-CAZ-Roadsign by Winterstoke,631,"(0.4892314571337977, 0.20191443089566974)"
632,West St-CAZ-Lamppost by Argus Rd,632,"(0.49954642147153283, 0.21772910688508773)"
633,West St-CAZ-Lamppost opp Jamiesons,633,"(0.5038482233497508, 0.22697137233447506)"
634,Bedminster Parade-CAZ-Lamppost by William Hill,634,"(0.5205456969128734, 0.24437155544313782)"
635,York Rd-CAZ-Sign after bridge,635,"(0.5306063637751901, 0.2530889613287286)"
636,Bath Rd-CAZ-Lamppost by Bus Lane,636,"(0.5558926185847453, 0.24851637651261171)"
637,Bath Rd-CAZ-Lamppost by Kings Road,637,"(0.5943353271800191, 0.23144167831060258)"
638,A4044 Roundabout-CAZ-Lamppost,638,"(0.5421928708874066, 0.29927277946399045)"
639,Victoria St-CAZ-Lamppost opp Mitchell Lane,639,"(0.5368640706378187, 0.27934219611913136)"
640,Lamb Street-CAZ-One way sign by Church,640,"(0.5510564587085396, 0.30618365286201765)"
641,Stokes Croft-CAZ-Lamppost,641,"(0.5303506258532753, 0.3327831493845963)"
642,Ashley Road-CAZ-Lamppost opp Drumd Rd,642,"(0.5352226544810987, 0.33860146921938394)"
643,Sussex Place-CAZ-Lamppost,643,"(0.5515544947690945, 0.3483561480029209)"
644,Ashley Down Rd-CAZ-Lamppost,644,"(0.54711324415163, 0.37562907512563015)"
645,Gloucester Rd-CAZ-Lamppost opp Baths,645,"(0.5275897700995191, 0.38154612085722306)"
646,Cheltenham Rd-CAZ-Post by Papa Johns,646,"(0.5278543805645723, 0.34912538116654446)"
647,Merchants Rd-CAZ-Lamppost by house,647,"(0.4704726841978175, 0.26951873997137454)"
648,Wells Rd-CAZ-Lamppost by Red Lion Carpets,648,"(0.5855030996520778, 0.18439498213842853)"
649,Bath Rd-CAZ-Lamppost,649,"(0.6212508709697069, 0.20114964574838723)"
650,Wells Rd-CAZ-Lamppost,650,"(0.5828075241894819, 0.19461769671437423)"
651,Church Rd-CAZ-Post by Barwaaqo Cafe,651,"(0.5912278896656575, 0.32950144333341314)"
652,Whitehall Rd-CAZ-Lamppost by house,652,"(0.5910535972865762, 0.3250570385858964)"
653,Stapleton Rd-CAZ-Lamppost by house,653,"(0.5727658572348737, 0.3381650068259603)"
654,Mina Rd-CAZ-Lamppost by house,654,"(0.563370539840947, 0.34855388153090416)"
655,Muller Rd-CAZ-Lamppost opp LA DT,655,"(0.597968662472935, 0.38007320198556727)"
656,Stapleton Rd-CAZ-Lamppost,656,"(0.5914272306898258, 0.38947889859073825)"
657,Fishponds Rd-CAZ-Lamppost,657,"(0.6077134916482958, 0.3772061602758754)"
658,Fishponds Rd-CAZ-Lamppost,658,"(0.657533854152919, 0.40402323946764795)"
659,Muller Rd-CAZ-Lamppost,659,"(0.5496677771058511, 0.43800644075912487)"
660,Muller Rd-CAZ-Lamppost,660,"(0.5840339398446401, 0.38418415849778853)"
661,Linden Rd-CAZ-Lamppost by house,661,"(0.4968592490200354, 0.3956805347658019)"
662,Linden Rd-CAZ-Lamppost by house,662,"(0.4921686950072024, 0.3992546890026176)"
663,Whiteladies Rd-CAZ-Lamppost after petrol station,663,"(0.4781089652664585, 0.36161397030525677)"
664,Westbury Rd-CAZ-Lamppost by hospital,664,"(0.47656527594056275, 0.370599558562418)"
665,Upper Maudlin St-CAZ-Lamppost opp BRI,665,"(0.5171992123863163, 0.3091847807914121)"
666,Upper Maudlin St-CAZ-Lamppost by BRI,666,"(0.5163155499542968, 0.30999391560811773)"
667,College Green-CAZ-Post by Toni&Guy,667,"(0.5129860662196455, 0.2856793846435437)"
668,Clift House Road-CAZ-Telegraph pole clift house road,668,"(0.47081359907383824, 0.2498421078611841)"
669,Temple Way Bridge-CAZ-Lamppost Temple Way Bridge,669,"(0.54268063945936, 0.2840787721410152)"
670,Bristol Hill-CAZ-Lamppost Bristol Hill,670,"(0.6109378798209217, 0.20432382752156286)"
671,North View Downs Park West,671,"(0.47739459504618953, 0.40135617592218864)"
672,Marlborough Street,672,"(0.5187763802101806, 0.31368309125997484)"
673,Marlborough Street - co - located,673,"(0.5187763802101806, 0.31368309125997484)"
674,Troopers Hill Opposite No 30,674,"(0.653013492967685, 0.3031248768733974)"
675,Netham Lock Junction,675,"(0.6064144438760808, 0.2837029976664951)"
676,Blackswarth Road Opposite St Patrick's School,676,"(0.6098907812245589, 0.30567741023671147)"
677,Beaufort Road Opposite No 109,677,"(0.6211159852539492, 0.3080846906603938)"
678,Victoria Avenue Opposite No 90,678,"(0.5961094035986747, 0.3052314137592589)"
679,Avonvale Road Opposite Bristol Futures Academy,679,"(0.5917745098432254, 0.29548500908484243)"
680,Morely Street/Bright Street Ped Crossing,680,"(0.5868607253843239, 0.30163301820905986)"
681,Russel Town Avenue Opposite Pheonix Social Enterprise Club,681,"(0.5871434563566327, 0.31519782948234365)"
682,Church Road Miss Millies,682,"(0.5984921444040312, 0.3121526326168578)"
683,Victoria Parade Opposite No 39,683,"(0.6012430817064391, 0.3182978982081295)"
684,Lyppiatt Road Opposite No 25,684,"(0.6056649551212043, 0.3185357713906569)"
685,Stapleton Road HE,56033_1,"(0.5914836525146487, 0.39018090901191727)"
686,Glenfrome Road stonewall LP HE,56033_2,"(0.5917077810951357, 0.39832779872264723)"
687,B4058 East of M32 stonewall LP HE,56033_3,"(0.5938864544420897, 0.403999810633934)"
688,Napier Road 20mph LP HE,56033_4,"(0.5844736369377248, 0.36645705726581923)"
689,505 Stapleton Road Easton LP HE,56033_5,"(0.5871912013971077, 0.36808162769273167)"
690,Stapleton Rd Freemantle rd LP HE,56033_6,"(0.5913529177606529, 0.37654010829572826)"
691,Stapleton Rd Heath St Cycles sign HE,56033_7,"(0.5903978835777952, 0.37407560791379524)"
692,New Gatton Rd barrier LP HE,74768_1,"(0.5709841044687822, 0.35221571405574537)"
693,Stairway bridge M32 J3 HE,74768_2,"(0.5700277670354481, 0.35002378910078846)"
694,Fox Rd 26 LP HE,74768_3,"(0.5726959726348912, 0.34973876743447363)"
695,Lower Ashley Rd Millpond Sch LP HE,74768_4,"(0.5712720283535271, 0.34469723362505533)"
696,Mina Rd M32 AAPEX LP HE,74768_5,"(0.5641320433323331, 0.34789905196052473)"
697,Gable Rd M32 barrier LP HE,74768_6,"(0.5662846715193179, 0.3476869086113368)"
698,Portway - Sylvan Way,,"(0.393894871004564, 0.431873956764548)"
699,Portway - Roman Way,,"(0.40893750067978374, 0.3999345150992042)"
700,Portway - Bridge Valley Road,,"(0.44632895765859004, 0.3107199486394734)"
701,Blackboy Hill_Traffic light on pedestrian crossing,,"(0.47971694592219016, 0.35668203750282146)"
702,Lamb Street_CAZ signpost by George Jones Park,,"(0.5522847963198911, 0.30841757459802466)"
703,Sussex Place_No loading signpost,,"(0.5519240714845148, 0.34738562024793396)"
704,Bedminster Down Rd junction with Winterstoke Close_CAZ,,"(0.4890823489725902, 0.20156209850270557)"
705,A4044 Roundabout_Traffic Light,,"(0.5424364015824832, 0.2990804241623266)"
706,Speedwell Road_near Wackum Inn,,"(0.6313394971561719, 0.34239837033987897)"
707,Rodney Road junction with Whiteway Road,,"(0.6608922566899116, 0.3403373558303713)"
708,Whiteway Road junction with A420,,"(0.6445634576722439, 0.32408999414298023)"
709,Air Balloon Hill Primary School,,"(0.6553003849621231, 0.31121315211419187)"
710,Nags Head Hill,,"(0.6649186618489491, 0.2922456687934698)"
711,Barton Hill Academy,,"(0.584011768032048, 0.29170609864695507)"
